Date,Spacecraft,Rocket Bodies,Mission-Related Debris,Fragmentation Debris,Unassigned Type,Total,Year
1957.0,0.0,0.0,0.0,0.0,0.0,0.0,1957
1957.09,0.0,0.0,0.0,0.0,0.0,0.0,1957
1957.16,0.0,0.0,0.0,0.0,0.0,0.0,1957
1957.25,0.0,0.0,0.0,0.0,0.0,0.0,1957
1957.33,0.0,0.0,0.0,0.0,0.0,0.0,1957
1957.42,0.0,0.0,0.0,0.0,0.0,0.0,1957
1957.5,0.0,0.0,0.0,0.0,0.0,0.0,1957
1957.58,0.0,0.0,0.0,0.0,0.0,0.0,1957
1957.67,0.0,0.0,0.0,0.0,0.0,0.0,1957
1957.75,1.0,1.0,0.0,0.0,0.0,2.0,1957
1957.84,2.0,1.0,0.0,0.0,0.0,3.0,1957
1957.92,2.0,1.0,0.0,0.0,0.0,3.0,1957
1958.0,2.0,0.0,0.0,0.0,0.0,2.0,1958
1958.09,2.0,0.0,0.0,0.0,0.0,2.0,1958
1958.16,4.0,1.0,1.0,0.0,0.0,6.0,1958
1958.25,4.0,1.0,1.0,0.0,0.0,6.0,1958
1958.33,4.0,2.0,1.0,0.0,0.0,7.0,1958
1958.42,4.0,2.0,1.0,0.0,0.0,7.0,1958
1958.5,4.0,2.0,1.0,0.0,0.0,7.0,1958
1958.58,4.0,2.0,1.0,0.0,0.0,7.0,1958
1958.67,4.0,2.0,1.0,0.0,0.0,7.0,1958
1958.75,4.0,2.0,1.0,0.0,0.0,7.0,1958
1958.84,4.0,2.0,1.0,0.0,0.0,7.0,1958
1958.92,5.0,2.0,1.0,0.0,0.0,8.0,1958
1959.0,5.0,1.0,1.0,0.0,0.0,7.0,1959
1959.09,6.0,2.0,4.0,0.0,0.0,12.0,1959
1959.16,6.0,2.0,4.0,0.0,0.0,12.0,1959
1959.25,6.0,2.0,4.0,0.0,0.0,12.0,1959
1959.33,5.0,2.0,4.0,0.0,0.0,11.0,1959
1959.42,5.0,2.0,4.0,0.0,0.0,11.0,1959
1959.5,5.0,2.0,4.0,0.0,0.0,11.0,1959
1959.58,9.0,3.0,4.0,0.0,0.0,16.0,1959
1959.67,10.0,3.0,4.0,0.0,0.0,17.0,1959
1959.75,11.0,4.0,4.0,0.0,0.0,19.0,1959
1959.84,11.0,4.0,4.0,0.0,0.0,19.0,1959
1959.92,10.0,4.0,4.0,0.0,0.0,18.0,1959
1960.0,10.0,4.0,4.0,0.0,0.0,18.0,1960
1960.09,10.0,4.0,4.0,0.0,0.0,18.0,1960
1960.17,10.0,4.0,4.0,0.0,0.0,18.0,1960
1960.25,12.0,6.0,8.0,0.0,0.0,26.0,1960
1960.33,12.0,7.0,15.0,0.0,0.0,34.0,1960
1960.42,14.0,8.0,17.0,0.0,0.0,39.0,1960
1960.5,14.0,8.0,17.0,0.0,0.0,39.0,1960
1960.58,18.0,9.0,19.0,0.0,0.0,46.0,1960
1960.67,18.0,9.0,18.0,0.0,0.0,45.0,1960
1960.75,18.0,9.0,15.0,0.0,0.0,42.0,1960
1960.84,20.0,11.0,19.0,0.0,0.0,50.0,1960
1960.92,22.0,12.0,19.0,0.0,0.0,53.0,1960
1961.0,21.0,12.0,18.0,0.0,0.0,51.0,1961
1961.09,26.0,15.0,29.0,0.0,0.0,70.0,1961
1961.16,26.0,14.0,32.0,0.0,0.0,72.0,1961
1961.25,27.0,14.0,29.0,0.0,0.0,70.0,1961
1961.33,25.0,13.0,27.0,0.0,0.0,65.0,1961
1961.42,28.0,13.0,28.0,317.0,0.0,386.0,1961
1961.5,29.0,13.0,32.0,317.0,0.0,391.0,1961
1961.58,33.0,15.0,31.0,317.0,0.0,396.0,1961
1961.67,33.0,14.0,33.0,317.0,0.0,397.0,1961
1961.75,33.0,12.0,44.0,317.0,0.0,406.0,1961
1961.84,38.0,14.0,48.0,317.0,0.0,417.0,1961
1961.92,39.0,14.0,46.0,317.0,0.0,416.0,1961
1962.0,35.0,13.0,42.0,317.0,0.0,407.0,1962
1962.09,38.0,15.0,47.0,316.0,0.0,416.0,1962
1962.16,40.0,17.0,48.0,316.0,0.0,421.0,1962
1962.25,45.0,21.0,55.0,316.0,0.0,437.0,1962
1962.33,45.0,23.0,55.0,316.0,0.0,439.0,1962
1962.42,48.0,24.0,58.0,316.0,0.0,446.0,1962
1962.5,49.0,25.0,58.0,315.0,0.0,447.0,1962
1962.58,54.0,29.0,61.0,315.0,0.0,459.0,1962
1962.67,53.0,29.0,77.0,315.0,0.0,474.0,1962
1962.75,55.0,32.0,68.0,338.0,0.0,493.0,1962
1962.84,54.0,32.0,65.0,337.0,0.0,488.0,1962
1962.92,61.0,33.0,66.0,335.0,0.0,495.0,1962
1963.0,59.0,30.0,69.0,316.0,0.0,474.0,1963
1963.09,58.0,30.0,68.0,315.0,0.0,471.0,1963
1963.16,59.0,31.0,68.0,314.0,0.0,472.0,1963
1963.25,63.0,36.0,68.0,314.0,0.0,481.0,1963
1963.33,70.0,38.0,221.0,314.0,0.0,643.0,1963
1963.42,80.0,40.0,228.0,314.0,0.0,662.0,1963
1963.5,83.0,38.0,235.0,314.0,0.0,670.0,1963
1963.58,79.0,37.0,234.0,314.0,0.0,664.0,1963
1963.67,77.0,37.0,249.0,314.0,0.0,677.0,1963
1963.75,81.0,39.0,243.0,314.0,0.0,677.0,1963
1963.84,81.0,40.0,243.0,331.0,0.0,695.0,1963
1963.92,86.0,43.0,263.0,331.0,0.0,723.0,1963
1964.0,93.0,47.0,266.0,331.0,0.0,737.0,1964
1964.09,95.0,47.0,271.0,331.0,0.0,744.0,1964
1964.17,99.0,51.0,274.0,331.0,0.0,755.0,1964
1964.25,99.0,52.0,281.0,331.0,0.0,763.0,1964
1964.33,98.0,51.0,269.0,331.0,0.0,749.0,1964
1964.42,102.0,52.0,276.0,331.0,0.0,761.0,1964
1964.5,111.0,54.0,280.0,331.0,0.0,776.0,1964
1964.58,121.0,61.0,300.0,331.0,0.0,813.0,1964
1964.67,124.0,61.0,299.0,331.0,0.0,815.0,1964
1964.75,133.0,64.0,306.0,331.0,0.0,834.0,1964
1964.84,129.0,62.0,318.0,427.0,0.0,936.0,1964
1964.92,130.0,66.0,338.0,331.0,0.0,865.0,1964
1965.0,134.0,67.0,346.0,331.0,0.0,878.0,1965
1965.09,138.0,70.0,342.0,498.0,0.0,1048.0,1965
1965.16,156.0,76.0,358.0,634.0,0.0,1224.0,1965
1965.25,159.0,76.0,359.0,478.0,0.0,1072.0,1965
1965.33,166.0,81.0,366.0,477.0,0.0,1090.0,1965
1965.42,169.0,84.0,370.0,477.0,0.0,1100.0,1965
1965.5,174.0,86.0,374.0,477.0,0.0,1111.0,1965
1965.58,188.0,89.0,412.0,477.0,0.0,1166.0,1965
1965.67,196.0,91.0,420.0,474.0,0.0,1181.0,1965
1965.75,202.0,95.0,423.0,944.0,0.0,1664.0,1965
1965.84,206.0,101.0,469.0,940.0,0.0,1716.0,1965
1965.92,216.0,105.0,458.0,1048.0,0.0,1827.0,1965
1966.0,212.0,104.0,457.0,1045.0,0.0,1818.0,1966
1966.09,213.0,106.0,477.0,1077.0,0.0,1873.0,1966
1966.16,218.0,112.0,490.0,1037.0,0.0,1857.0,1966
1966.25,218.0,118.0,489.0,1032.0,0.0,1857.0,1966
1966.33,223.0,116.0,491.0,1030.0,0.0,1860.0,1966
1966.42,242.0,120.0,499.0,1076.0,0.0,1937.0,1966
1966.5,246.0,124.0,509.0,1082.0,0.0,1961.0,1966
1966.58,250.0,127.0,512.0,1016.0,0.0,1905.0,1966
1966.67,251.0,125.0,512.0,1063.0,0.0,1951.0,1966
1966.75,256.0,131.0,519.0,1024.0,0.0,1930.0,1966
1966.84,262.0,131.0,525.0,1040.0,0.0,1958.0,1966
1966.92,262.0,135.0,519.0,993.0,0.0,1909.0,1966
1967.0,263.0,137.0,534.0,990.0,0.0,1924.0,1967
1967.09,269.0,142.0,555.0,985.0,0.0,1951.0,1967
1967.16,273.0,148.0,570.0,975.0,0.0,1966.0,1967
1967.25,280.0,151.0,562.0,971.0,0.0,1964.0,1967
1967.33,293.0,155.0,569.0,964.0,0.0,1981.0,1967
1967.42,299.0,158.0,569.0,957.0,0.0,1983.0,1967
1967.5,307.0,157.0,570.0,954.0,0.0,1988.0,1967
1967.58,307.0,159.0,570.0,949.0,0.0,1985.0,1967
1967.67,314.0,164.0,576.0,949.0,0.0,2003.0,1967
1967.75,321.0,171.0,583.0,947.0,0.0,2022.0,1967
1967.84,318.0,169.0,572.0,942.0,0.0,2001.0,1967
1967.92,319.0,170.0,585.0,936.0,0.0,2010.0,1967
1968.0,320.0,168.0,596.0,937.0,0.0,2021.0,1968
1968.09,318.0,166.0,586.0,931.0,0.0,2001.0,1968
1968.17,324.0,173.0,596.0,923.0,0.0,2016.0,1968
1968.25,332.0,181.0,589.0,936.0,0.0,2038.0,1968
1968.33,325.0,178.0,578.0,920.0,0.0,2001.0,1968
1968.42,340.0,183.0,578.0,915.0,0.0,2016.0,1968
1968.5,343.0,188.0,586.0,913.0,0.0,2030.0,1968
1968.58,346.0,191.0,597.0,910.0,0.0,2044.0,1968
1968.67,351.0,189.0,600.0,907.0,0.0,2047.0,1968
1968.75,356.0,196.0,607.0,1010.0,0.0,2169.0,1968
1968.84,351.0,192.0,608.0,1153.0,0.0,2304.0,1968
1968.92,355.0,198.0,627.0,1153.0,0.0,2333.0,1968
1969.0,355.0,203.0,633.0,1149.0,0.0,2340.0,1969
1969.09,357.0,198.0,628.0,1145.0,0.0,2328.0,1969
1969.16,370.0,206.0,640.0,1177.0,0.0,2393.0,1969
1969.25,364.0,208.0,632.0,1171.0,0.0,2375.0,1969
1969.33,371.0,208.0,625.0,1164.0,0.0,2368.0,1969
1969.42,372.0,210.0,614.0,1157.0,0.0,2353.0,1969
1969.5,374.0,211.0,615.0,1170.0,0.0,2370.0,1969
1969.58,377.0,216.0,615.0,1167.0,0.0,2375.0,1969
1969.67,388.0,215.0,609.0,1165.0,0.0,2377.0,1969
1969.75,391.0,219.0,606.0,1412.0,0.0,2628.0,1969
1969.84,388.0,218.0,611.0,1401.0,0.0,2618.0,1969
1969.92,389.0,221.0,612.0,1395.0,0.0,2617.0,1969
1970.0,394.0,221.0,618.0,1387.0,0.0,2620.0,1970
1970.09,390.0,218.0,609.0,1381.0,0.0,2598.0,1970
1970.16,394.0,223.0,608.0,1370.0,0.0,2595.0,1970
1970.25,408.0,230.0,615.0,1364.0,0.0,2617.0,1970
1970.33,408.0,226.0,612.0,1360.0,0.0,2606.0,1970
1970.42,414.0,231.0,604.0,1353.0,0.0,2602.0,1970
1970.5,412.0,231.0,603.0,1350.0,0.0,2596.0,1970
1970.58,415.0,234.0,610.0,1342.0,0.0,2601.0,1970
1970.67,418.0,241.0,615.0,1338.0,0.0,2612.0,1970
1970.75,425.0,243.0,619.0,1919.0,0.0,3206.0,1970
1970.84,427.0,244.0,616.0,1915.0,0.0,3202.0,1970
1970.92,435.0,252.0,642.0,1913.0,0.0,3242.0,1970
1971.0,435.0,252.0,643.0,1906.0,0.0,3236.0,1971
1971.09,441.0,256.0,643.0,2021.0,0.0,3361.0,1971
1971.16,444.0,260.0,644.0,2017.0,0.0,3365.0,1971
1971.25,456.0,266.0,671.0,2011.0,0.0,3404.0,1971
1971.33,466.0,271.0,667.0,2006.0,0.0,3410.0,1971
1971.42,463.0,270.0,670.0,2002.0,0.0,3405.0,1971
1971.5,464.0,271.0,673.0,2000.0,0.0,3408.0,1971
1971.58,477.0,276.0,681.0,1995.0,0.0,3429.0,1971
1971.67,482.0,279.0,697.0,1992.0,0.0,3450.0,1971
1971.75,493.0,282.0,702.0,1991.0,0.0,3468.0,1971
1971.84,496.0,288.0,693.0,1989.0,0.0,3466.0,1971
1971.92,507.0,303.0,730.0,2014.0,0.0,3554.0,1971
1972.0,506.0,301.0,720.0,2007.0,0.0,3534.0,1972
1972.09,505.0,300.0,708.0,2004.0,0.0,3517.0,1972
1972.17,513.0,308.0,722.0,1993.0,0.0,3536.0,1972
1972.25,520.0,312.0,725.0,1974.0,0.0,3531.0,1972
1972.33,517.0,312.0,720.0,1965.0,0.0,3514.0,1972
1972.42,524.0,315.0,718.0,1963.0,0.0,3520.0,1972
1972.5,538.0,319.0,723.0,1959.0,0.0,3539.0,1972
1972.58,541.0,318.0,718.0,1954.0,0.0,3531.0,1972
1972.67,540.0,323.0,720.0,1949.0,0.0,3532.0,1972
1972.75,547.0,328.0,728.0,1948.0,0.0,3551.0,1972
1972.84,558.0,333.0,722.0,1945.0,0.0,3558.0,1972
1972.92,567.0,342.0,719.0,1943.0,0.0,3571.0,1972
1973.0,568.0,343.0,720.0,1941.0,0.0,3572.0,1973
1973.09,568.0,342.0,718.0,1939.0,0.0,3567.0,1973
1973.16,571.0,345.0,718.0,1931.0,0.0,3565.0,1973
1973.25,573.0,346.0,709.0,1952.0,0.0,3580.0,1973
1973.33,580.0,351.0,735.0,2119.0,0.0,3785.0,1973
1973.42,590.0,357.0,743.0,1963.0,0.0,3653.0,1973
1973.5,586.0,356.0,727.0,1939.0,0.0,3608.0,1973
1973.58,592.0,363.0,740.0,1931.0,0.0,3626.0,1973
1973.67,595.0,360.0,740.0,1926.0,0.0,3621.0,1973
1973.75,611.0,370.0,763.0,1920.0,0.0,3664.0,1973
1973.84,615.0,377.0,757.0,1938.0,0.0,3687.0,1973
1973.92,630.0,382.0,762.0,2157.0,0.0,3931.0,1973
1974.0,629.0,378.0,753.0,2155.0,0.0,3915.0,1974
1974.09,629.0,375.0,741.0,2153.0,0.0,3898.0,1974
1974.16,630.0,380.0,738.0,2153.0,0.0,3901.0,1974
1974.25,645.0,388.0,752.0,2151.0,0.0,3936.0,1974
1974.33,648.0,396.0,767.0,2149.0,0.0,3960.0,1974
1974.42,653.0,400.0,768.0,2145.0,0.0,3966.0,1974
1974.5,659.0,403.0,770.0,2142.0,0.0,3974.0,1974
1974.58,663.0,404.0,765.0,2140.0,0.0,3972.0,1974
1974.67,666.0,400.0,771.0,2140.0,0.0,3977.0,1974
1974.75,676.0,409.0,779.0,2137.0,0.0,4001.0,1974
1974.84,682.0,412.0,790.0,2134.0,0.0,4018.0,1974
1974.92,687.0,418.0,782.0,2134.0,0.0,4021.0,1974
1975.0,691.0,421.0,782.0,2132.0,0.0,4026.0,1975
1975.09,703.0,426.0,789.0,2132.0,0.0,4050.0,1975
1975.16,705.0,429.0,798.0,2132.0,0.0,4064.0,1975
1975.25,714.0,435.0,799.0,2180.0,0.0,4128.0,1975
1975.33,729.0,440.0,802.0,2424.0,0.0,4395.0,1975
1975.42,737.0,449.0,810.0,2422.0,0.0,4418.0,1975
1975.5,741.0,452.0,798.0,2501.0,0.0,4492.0,1975
1975.58,739.0,450.0,793.0,2679.0,0.0,4661.0,1975
1975.67,757.0,462.0,803.0,2751.0,0.0,4773.0,1975
1975.75,759.0,466.0,798.0,2670.0,0.0,4693.0,1975
1975.84,763.0,468.0,796.0,2666.0,0.0,4693.0,1975
1975.92,770.0,479.0,808.0,2661.0,0.0,4718.0,1975
1976.0,778.0,482.0,812.0,2722.0,0.0,4794.0,1976
1976.09,784.0,482.0,822.0,2925.0,0.0,5013.0,1976
1976.17,790.0,490.0,827.0,2925.0,0.0,5032.0,1976
1976.25,795.0,493.0,830.0,2915.0,0.0,5033.0,1976
1976.33,800.0,497.0,836.0,2906.0,0.0,5039.0,1976
1976.42,813.0,506.0,845.0,2903.0,0.0,5067.0,1976
1976.5,826.0,520.0,839.0,3148.0,0.0,5333.0,1976
1976.58,829.0,522.0,844.0,3148.0,0.0,5343.0,1976
1976.67,836.0,525.0,864.0,2899.0,0.0,5124.0,1976
1976.75,843.0,530.0,886.0,2898.0,0.0,5157.0,1976
1976.84,844.0,529.0,882.0,2895.0,0.0,5150.0,1976
1976.92,860.0,537.0,883.0,2957.0,0.0,5237.0,1976
1977.0,858.0,534.0,879.0,2935.0,0.0,5206.0,1977
1977.09,866.0,539.0,885.0,2872.0,0.0,5162.0,1977
1977.16,869.0,543.0,887.0,2866.0,0.0,5165.0,1977
1977.25,873.0,545.0,893.0,2860.0,0.0,5171.0,1977
1977.33,881.0,554.0,895.0,2892.0,0.0,5222.0,1977
1977.42,889.0,563.0,903.0,2887.0,0.0,5242.0,1977
1977.5,898.0,573.0,907.0,3061.0,0.0,5439.0,1977
1977.58,908.0,577.0,899.0,3053.0,0.0,5437.0,1977
1977.67,916.0,582.0,915.0,3110.0,0.0,5523.0,1977
1977.75,918.0,582.0,898.0,3104.0,0.0,5502.0,1977
1977.84,914.0,579.0,883.0,3097.0,0.0,5473.0,1977
1977.92,929.0,589.0,897.0,3341.0,0.0,5756.0,1977
1978.0,942.0,597.0,896.0,3334.0,0.0,5769.0,1978
1978.09,940.0,600.0,901.0,3324.0,0.0,5765.0,1978
1978.16,947.0,607.0,896.0,3321.0,0.0,5771.0,1978
1978.25,946.0,606.0,882.0,3312.0,0.0,5746.0,1978
1978.33,953.0,608.0,888.0,3295.0,0.0,5744.0,1978
1978.42,966.0,622.0,883.0,3300.0,0.0,5771.0,1978
1978.5,966.0,622.0,858.0,3286.0,0.0,5732.0,1978
1978.58,969.0,626.0,841.0,3271.0,0.0,5707.0,1978
1978.67,967.0,624.0,849.0,3266.0,0.0,5706.0,1978
1978.75,982.0,631.0,858.0,3266.0,0.0,5737.0,1978
1978.84,980.0,631.0,857.0,3307.0,0.0,5775.0,1978
1978.92,999.0,644.0,869.0,3291.0,0.0,5803.0,1978
1979.0,999.0,642.0,870.0,3276.0,0.0,5787.0,1979
1979.09,1005.0,652.0,855.0,3263.0,0.0,5775.0,1979
1979.16,1016.0,651.0,850.0,3257.0,0.0,5774.0,1979
1979.25,1019.0,656.0,857.0,3238.0,0.0,5770.0,1979
1979.33,1020.0,653.0,867.0,3210.0,0.0,5750.0,1979
1979.42,1028.0,661.0,889.0,3191.0,0.0,5769.0,1979
1979.5,1026.0,662.0,890.0,3164.0,0.0,5742.0,1979
1979.58,1026.0,664.0,896.0,3143.0,0.0,5729.0,1979
1979.67,1028.0,661.0,888.0,3140.0,0.0,5717.0,1979
1979.75,1029.0,665.0,898.0,3218.0,0.0,5810.0,1979
1979.84,1028.0,664.0,882.0,3353.0,0.0,5927.0,1979
1979.92,1026.0,662.0,875.0,3379.0,0.0,5942.0,1979
1980.0,1026.0,662.0,864.0,3356.0,0.0,5908.0,1980
1980.09,1032.0,666.0,866.0,3364.0,0.0,5928.0,1980
1980.17,1037.0,666.0,869.0,3349.0,0.0,5921.0,1980
1980.25,1038.0,669.0,869.0,3419.0,0.0,5995.0,1980
1980.33,1041.0,668.0,873.0,3409.0,0.0,5991.0,1980
1980.42,1048.0,671.0,879.0,3391.0,0.0,5989.0,1980
1980.5,1055.0,679.0,889.0,3380.0,0.0,6003.0,1980
1980.58,1051.0,672.0,885.0,3383.0,0.0,5991.0,1980
1980.67,1055.0,674.0,912.0,3373.0,0.0,6014.0,1980
1980.75,1055.0,679.0,927.0,3359.0,0.0,6020.0,1980
1980.84,1050.0,681.0,903.0,3340.0,0.0,5974.0,1980
1980.92,1061.0,681.0,887.0,3327.0,0.0,5956.0,1980
1981.0,1062.0,678.0,883.0,3565.0,0.0,6188.0,1981
1981.09,1067.0,679.0,877.0,3548.0,0.0,6171.0,1981
1981.16,1079.0,684.0,903.0,3535.0,0.0,6201.0,1981
1981.25,1077.0,679.0,943.0,3529.0,0.0,6228.0,1981
1981.33,1080.0,683.0,950.0,3517.0,0.0,6230.0,1981
1981.42,1084.0,690.0,947.0,3496.0,0.0,6217.0,1981
1981.5,1083.0,693.0,938.0,3971.0,0.0,6685.0,1981
1981.58,1100.0,702.0,935.0,3959.0,0.0,6696.0,1981
1981.67,1111.0,708.0,935.0,3944.0,0.0,6698.0,1981
1981.75,1111.0,713.0,932.0,3940.0,0.0,6696.0,1981
1981.84,1116.0,712.0,916.0,3945.0,0.0,6689.0,1981
1981.92,1126.0,708.0,915.0,3929.0,0.0,6678.0,1981
1982.0,1129.0,713.0,919.0,3913.0,0.0,6674.0,1982
1982.09,1132.0,718.0,917.0,3904.0,0.0,6671.0,1982
1982.16,1142.0,725.0,918.0,3889.0,0.0,6674.0,1982
1982.25,1149.0,731.0,915.0,3875.0,0.0,6670.0,1982
1982.33,1167.0,734.0,919.0,3925.0,0.0,6745.0,1982
1982.42,1178.0,741.0,948.0,3998.0,0.0,6865.0,1982
1982.5,1183.0,739.0,935.0,3990.0,0.0,6847.0,1982
1982.58,1178.0,742.0,947.0,3982.0,0.0,6849.0,1982
1982.67,1186.0,751.0,957.0,3971.0,0.0,6865.0,1982
1982.75,1190.0,750.0,947.0,3959.0,0.0,6846.0,1982
1982.84,1192.0,752.0,933.0,3945.0,0.0,6822.0,1982
1982.92,1198.0,750.0,957.0,3945.0,0.0,6850.0,1982
1983.0,1204.0,751.0,939.0,3926.0,0.0,6820.0,1983
1983.09,1210.0,752.0,979.0,3927.0,0.0,6868.0,1983
1983.16,1217.0,761.0,967.0,3924.0,0.0,6869.0,1983
1983.25,1230.0,775.0,992.0,3919.0,0.0,6916.0,1983
1983.33,1236.0,776.0,983.0,3913.0,0.0,6908.0,1983
1983.42,1249.0,785.0,988.0,3906.0,0.0,6928.0,1983
1983.5,1260.0,792.0,1003.0,3932.0,0.0,6987.0,1983
1983.58,1269.0,804.0,1016.0,3962.0,0.0,7051.0,1983
1983.67,1273.0,802.0,1017.0,3946.0,0.0,7038.0,1983
1983.75,1271.0,801.0,1010.0,3935.0,0.0,7017.0,1983
1983.84,1274.0,801.0,1015.0,3929.0,0.0,7019.0,1983
1983.92,1277.0,811.0,1022.0,3953.0,0.0,7063.0,1983
1984.0,1285.0,813.0,1010.0,3953.0,0.0,7061.0,1984
1984.09,1301.0,820.0,1063.0,3946.0,0.0,7130.0,1984
1984.17,1308.0,826.0,1092.0,3917.0,0.0,7143.0,1984
1984.25,1316.0,828.0,1094.0,3912.0,0.0,7150.0,1984
1984.33,1330.0,833.0,1062.0,3907.0,0.0,7132.0,1984
1984.42,1342.0,840.0,1123.0,3902.0,0.0,7207.0,1984
1984.5,1345.0,837.0,1161.0,3900.0,0.0,7243.0,1984
1984.58,1362.0,856.0,1201.0,3896.0,0.0,7315.0,1984
1984.67,1368.0,864.0,1217.0,3906.0,0.0,7355.0,1984
1984.75,1369.0,860.0,1191.0,3904.0,0.0,7324.0,1984
1984.84,1375.0,866.0,1182.0,3905.0,0.0,7328.0,1984
1984.92,1373.0,870.0,1173.0,3905.0,0.0,7321.0,1984
1985.0,1384.0,874.0,1152.0,3902.0,0.0,7312.0,1985
1985.09,1387.0,876.0,1166.0,3902.0,0.0,7331.0,1985
1985.16,1399.0,882.0,1171.0,4092.0,0.0,7544.0,1985
1985.25,1408.0,886.0,1174.0,4088.0,0.0,7556.0,1985
1985.33,1414.0,893.0,1191.0,4083.0,0.0,7581.0,1985
1985.42,1426.0,902.0,1207.0,4098.0,0.0,7633.0,1985
1985.5,1427.0,901.0,1208.0,4077.0,0.0,7613.0,1985
1985.58,1438.0,913.0,1244.0,4075.0,0.0,7670.0,1985
1985.67,1439.0,917.0,1267.0,4355.0,0.0,7978.0,1985
1985.75,1456.0,932.0,1286.0,4412.0,0.0,8086.0,1985
1985.84,1458.0,934.0,1289.0,4429.0,0.0,8110.0,1985
1985.92,1466.0,938.0,1311.0,4434.0,0.0,8149.0,1985
1986.0,1478.0,941.0,1290.0,4430.0,0.0,8139.0,1986
1986.09,1487.0,947.0,1277.0,4463.0,0.0,8174.0,1986
1986.16,1490.0,946.0,1285.0,4457.0,0.0,8178.0,1986
1986.25,1495.0,947.0,1283.0,4444.0,0.0,8169.0,1986
1986.33,1501.0,951.0,1300.0,4422.0,0.0,8174.0,1986
1986.42,1512.0,957.0,1307.0,4406.0,0.0,8182.0,1986
1986.5,1514.0,961.0,1310.0,4396.0,0.0,8181.0,1986
1986.58,1519.0,963.0,1311.0,4386.0,0.0,8179.0,1986
1986.67,1525.0,967.0,1322.0,4400.0,0.0,8214.0,1986
1986.75,1531.0,975.0,1327.0,4391.0,0.0,8224.0,1986
1986.84,1542.0,978.0,1307.0,4874.0,0.0,8701.0,1986
1986.92,1546.0,984.0,1304.0,4891.0,0.0,8725.0,1986
1987.0,1549.0,990.0,1292.0,5076.0,0.0,8907.0,1987
1987.09,1560.0,1001.0,1306.0,5071.0,0.0,8938.0,1987
1987.16,1570.0,1003.0,1311.0,5063.0,0.0,8947.0,1987
1987.25,1573.0,1005.0,1309.0,5045.0,0.0,8932.0,1987
1987.33,1582.0,1006.0,1348.0,5028.0,0.0,8964.0,1987
1987.42,1591.0,1006.0,1341.0,5015.0,0.0,8953.0,1987
1987.5,1598.0,1013.0,1345.0,5005.0,1.0,8962.0,1987
1987.58,1600.0,1015.0,1330.0,4983.0,1.0,8929.0,1987
1987.67,1614.0,1022.0,1347.0,4966.0,1.0,8950.0,1987
1987.75,1615.0,1023.0,1330.0,4935.0,1.0,8904.0,1987
1987.84,1616.0,1021.0,1307.0,4917.0,1.0,8862.0,1987
1987.92,1626.0,1031.0,1314.0,5048.0,1.0,9020.0,1987
1988.0,1628.0,1027.0,1301.0,5070.0,1.0,9027.0,1988
1988.09,1632.0,1033.0,1316.0,5031.0,1.0,9013.0,1988
1988.17,1652.0,1043.0,1326.0,5001.0,1.0,9023.0,1988
1988.25,1653.0,1043.0,1328.0,4967.0,1.0,8992.0,1988
1988.33,1663.0,1043.0,1319.0,4983.0,1.0,9009.0,1988
1988.42,1669.0,1045.0,1314.0,4957.0,1.0,8986.0,1988
1988.5,1672.0,1045.0,1304.0,4944.0,1.0,8966.0,1988
1988.58,1678.0,1052.0,1339.0,4918.0,1.0,8988.0,1988
1988.67,1692.0,1062.0,1376.0,4883.0,1.0,9014.0,1988
1988.75,1694.0,1063.0,1389.0,4841.0,1.0,8988.0,1988
1988.84,1695.0,1063.0,1373.0,4775.0,1.0,8907.0,1988
1988.92,1699.0,1066.0,1387.0,4724.0,1.0,8877.0,1988
1989.0,1697.0,1068.0,1370.0,4667.0,1.0,8803.0,1989
1989.09,1711.0,1072.0,1379.0,4592.0,1.0,8755.0,1989
1989.16,1722.0,1076.0,1368.0,4520.0,1.0,8687.0,1989
1989.25,1720.0,1071.0,1343.0,4436.0,1.0,8571.0,1989
1989.33,1723.0,1074.0,1336.0,4373.0,1.0,8507.0,1989
1989.42,1728.0,1082.0,1350.0,4337.0,1.0,8498.0,1989
1989.5,1736.0,1087.0,1346.0,4293.0,1.0,8463.0,1989
1989.58,1737.0,1083.0,1422.0,4267.0,1.0,8510.0,1989
1989.67,1751.0,1094.0,1427.0,4220.0,1.0,8493.0,1989
1989.75,1748.0,1091.0,1426.0,4179.0,1.0,8445.0,1989
1989.84,1749.0,1092.0,1409.0,4142.0,1.0,8393.0,1989
1989.92,1748.0,1099.0,1428.0,4097.0,1.0,8373.0,1989
1990.0,1758.0,1103.0,1450.0,4054.0,1.0,8366.0,1990
1990.09,1766.0,1106.0,1441.0,4025.0,1.0,8339.0,1990
1990.16,1768.0,1109.0,1431.0,4001.0,1.0,8310.0,1990
1990.25,1789.0,1119.0,1429.0,3969.0,1.0,8307.0,1990
1990.33,1790.0,1121.0,1437.0,3950.0,1.0,8299.0,1990
1990.42,1800.0,1124.0,1441.0,3939.0,1.0,8305.0,1990
1990.5,1805.0,1127.0,1476.0,3929.0,1.0,8338.0,1990
1990.58,1821.0,1138.0,1489.0,3916.0,1.0,8365.0,1990
1990.67,1825.0,1135.0,1489.0,3903.0,1.0,8353.0,1990
1990.75,1827.0,1136.0,1466.0,3994.0,1.0,8424.0,1990
1990.84,1835.0,1146.0,1476.0,3989.0,1.0,8447.0,1990
1990.92,1848.0,1152.0,1486.0,4008.0,1.0,8495.0,1990
1991.0,1849.0,1147.0,1492.0,3995.0,1.0,8484.0,1991
1991.09,1857.0,1152.0,1498.0,3984.0,1.0,8492.0,1991
1991.16,1865.0,1160.0,1491.0,4092.0,1.0,8609.0,1991
1991.25,1873.0,1160.0,1492.0,4065.0,1.0,8591.0,1991
1991.33,1879.0,1162.0,1496.0,4355.0,1.0,8893.0,1991
1991.42,1877.0,1160.0,1528.0,4339.0,1.0,8905.0,1991
1991.5,1891.0,1166.0,1549.0,4332.0,1.0,8939.0,1991
1991.58,1897.0,1173.0,1537.0,4321.0,1.0,8929.0,1991
1991.67,1905.0,1176.0,1510.0,4299.0,1.0,8891.0,1991
1991.75,1907.0,1178.0,1498.0,4281.0,1.0,8865.0,1991
1991.84,1919.0,1177.0,1498.0,4259.0,1.0,8854.0,1991
1991.92,1921.0,1180.0,1499.0,4262.0,1.0,8863.0,1991
1992.0,1926.0,1179.0,1498.0,4244.0,1.0,8848.0,1992
1992.09,1919.0,1179.0,1511.0,4268.0,1.0,8878.0,1992
1992.17,1920.0,1182.0,1501.0,4255.0,1.0,8859.0,1992
1992.25,1924.0,1190.0,1497.0,4245.0,1.0,8857.0,1992
1992.33,1925.0,1188.0,1488.0,4240.0,1.0,8842.0,1992
1992.42,1933.0,1190.0,1494.0,4237.0,1.0,8855.0,1992
1992.5,1952.0,1203.0,1510.0,4245.0,1.0,8911.0,1992
1992.58,1959.0,1210.0,1515.0,4244.0,1.0,8929.0,1992
1992.67,1961.0,1211.0,1522.0,4269.0,1.0,8964.0,1992
1992.75,1973.0,1221.0,1552.0,4267.0,1.0,9014.0,1992
1992.84,1975.0,1227.0,1548.0,4250.0,1.0,9001.0,1992
1992.92,1982.0,1234.0,1563.0,4522.0,1.0,9302.0,1992
1993.0,1987.0,1235.0,1554.0,4518.0,1.0,9295.0,1993
1993.09,1990.0,1240.0,1554.0,4518.0,1.0,9303.0,1993
1993.16,1995.0,1245.0,1556.0,4692.0,1.0,9489.0,1993
1993.25,1999.0,1249.0,1564.0,4705.0,1.0,9518.0,1993
1993.33,2008.0,1252.0,1563.0,4702.0,1.0,9526.0,1993
1993.42,2018.0,1253.0,1577.0,4696.0,1.0,9545.0,1993
1993.5,2022.0,1256.0,1571.0,4701.0,1.0,9551.0,1993
1993.58,2024.0,1261.0,1575.0,4698.0,1.0,9559.0,1993
1993.67,2036.0,1264.0,1596.0,4697.0,1.0,9594.0,1993
1993.75,2039.0,1270.0,1601.0,4746.0,1.0,9657.0,1993
1993.84,2043.0,1272.0,1591.0,4745.0,1.0,9652.0,1993
1993.92,2044.0,1274.0,1589.0,4742.0,1.0,9650.0,1993
1994.0,2047.0,1280.0,1587.0,4739.0,1.0,9654.0,1994
1994.09,2067.0,1283.0,1589.0,4739.0,1.0,9679.0,1994
1994.16,2071.0,1287.0,1604.0,4735.0,1.0,9698.0,1994
1994.25,2076.0,1289.0,1606.0,4745.0,1.0,9717.0,1994
1994.33,2081.0,1291.0,1607.0,4747.0,1.0,9727.0,1994
1994.42,2085.0,1290.0,1611.0,4744.0,1.0,9731.0,1994
1994.5,2093.0,1296.0,1619.0,4742.0,1.0,9751.0,1994
1994.58,2105.0,1306.0,1629.0,4740.0,1.0,9781.0,1994
1994.67,2111.0,1305.0,1631.0,4739.0,1.0,9787.0,1994
1994.75,2114.0,1309.0,1624.0,4737.0,1.0,9785.0,1994
1994.84,2123.0,1316.0,1632.0,4739.0,1.0,9811.0,1994
1994.92,2132.0,1323.0,1640.0,4763.0,1.0,9859.0,1994
1995.0,2135.0,1323.0,1631.0,4760.0,1.0,9850.0,1995
1995.09,2144.0,1322.0,1636.0,4764.0,1.0,9867.0,1995
1995.16,2151.0,1331.0,1653.0,4760.0,1.0,9896.0,1995
1995.25,2151.0,1330.0,1654.0,4758.0,1.0,9894.0,1995
1995.33,2155.0,1333.0,1649.0,4755.0,1.0,9893.0,1995
1995.42,2157.0,1335.0,1644.0,4751.0,1.0,9888.0,1995
1995.5,2167.0,1343.0,1642.0,4747.0,1.0,9900.0,1995
1995.58,2174.0,1352.0,1645.0,4740.0,1.0,9912.0,1995
1995.67,2180.0,1353.0,1645.0,4735.0,1.0,9914.0,1995
1995.75,2180.0,1355.0,1662.0,4736.0,1.0,9934.0,1995
1995.84,2186.0,1357.0,1664.0,4735.0,1.0,9943.0,1995
1995.92,2196.0,1364.0,1665.0,4735.0,1.0,9961.0,1995
1996.0,2200.0,1366.0,1665.0,4736.0,1.0,9968.0,1996
1996.09,2210.0,1368.0,1664.0,4737.0,1.0,9980.0,1996
1996.17,2214.0,1370.0,1668.0,4737.0,1.0,9990.0,1996
1996.25,2217.0,1378.0,1671.0,4735.0,1.0,10002.0,1996
1996.33,2233.0,1382.0,1706.0,4751.0,1.0,10073.0,1996
1996.42,2231.0,1376.0,1714.0,5502.0,1.0,10824.0,1996
1996.5,2237.0,1382.0,1710.0,5507.0,1.0,10837.0,1996
1996.58,2247.0,1390.0,1717.0,5502.0,1.0,10857.0,1996
1996.67,2255.0,1397.0,1733.0,5496.0,1.0,10882.0,1996
1996.75,2254.0,1396.0,1728.0,5482.0,1.0,10861.0,1996
1996.84,2261.0,1398.0,1725.0,5461.0,1.0,10846.0,1996
1996.92,2264.0,1401.0,1726.0,5450.0,1.0,10842.0,1996
1997.0,2262.0,1398.0,1721.0,5418.0,1.0,10800.0,1997
1997.09,2270.0,1402.0,1721.0,5393.0,1.0,10787.0,1997
1997.16,2272.0,1403.0,1717.0,5381.0,1.0,10774.0,1997
1997.25,2279.0,1407.0,1718.0,5361.0,1.0,10766.0,1997
1997.33,2288.0,1414.0,1715.0,5337.0,1.0,10755.0,1997
1997.42,2298.0,1418.0,1714.0,5334.0,1.0,10765.0,1997
1997.5,2307.0,1418.0,1713.0,5321.0,1.0,10760.0,1997
1997.58,2320.0,1427.0,1716.0,5300.0,1.0,10764.0,1997
1997.67,2338.0,1433.0,1718.0,5288.0,1.0,10778.0,1997
1997.75,2348.0,1439.0,1712.0,5265.0,1.0,10765.0,1997
1997.84,2360.0,1443.0,1719.0,5315.0,1.0,10838.0,1997
1997.92,2384.0,1452.0,1720.0,5293.0,1.0,10850.0,1997
1998.0,2383.0,1450.0,1709.0,5270.0,1.0,10813.0,1998
1998.09,2402.0,1449.0,1713.0,5389.0,1.0,10954.0,1998
1998.16,2409.0,1452.0,1719.0,5385.0,1.0,10966.0,1998
1998.25,2424.0,1453.0,1722.0,5368.0,1.0,10968.0,1998
1998.33,2435.0,1455.0,1722.0,5351.0,1.0,10964.0,1998
1998.42,2443.0,1455.0,1710.0,5330.0,1.0,10939.0,1998
1998.5,2453.0,1455.0,1711.0,5317.0,1.0,10937.0,1998
1998.58,2465.0,1458.0,1711.0,5316.0,1.0,10951.0,1998
1998.67,2479.0,1460.0,1701.0,5305.0,1.0,10946.0,1998
1998.75,2494.0,1460.0,1697.0,5288.0,1.0,10940.0,1998
1998.84,2500.0,1461.0,1694.0,5271.0,1.0,10927.0,1998
1998.92,2510.0,1467.0,1698.0,5255.0,1.0,10931.0,1998
1999.0,2509.0,1464.0,1683.0,5232.0,1.0,10889.0,1999
1999.09,2520.0,1468.0,1687.0,5202.0,1.0,10878.0,1999
1999.16,2523.0,1470.0,1682.0,5191.0,1.0,10867.0,1999
1999.25,2537.0,1474.0,1686.0,5201.0,1.0,10899.0,1999
1999.33,2548.0,1476.0,1697.0,5239.0,1.0,10961.0,1999
1999.42,2556.0,1474.0,1700.0,5210.0,1.0,10941.0,1999
1999.5,2567.0,1475.0,1701.0,5182.0,1.0,10926.0,1999
1999.58,2569.0,1472.0,1693.0,5157.0,1.0,10892.0,1999
1999.67,2581.0,1482.0,1699.0,5141.0,1.0,10904.0,1999
1999.75,2589.0,1480.0,1693.0,5167.0,1.0,10930.0,1999
1999.84,2591.0,1480.0,1685.0,5159.0,1.0,10916.0,1999
1999.92,2606.0,1480.0,1682.0,5134.0,1.0,10903.0,1999
2000.0,2616.0,1481.0,1682.0,5109.0,1.0,10889.0,2000
2000.09,2625.0,1485.0,1682.0,5095.0,1.0,10888.0,2000
2000.17,2627.0,1485.0,1687.0,5432.0,1.0,11232.0,2000
2000.25,2629.0,1485.0,1685.0,5412.0,1.0,11212.0,2000
2000.33,2635.0,1488.0,1683.0,5388.0,1.0,11195.0,2000
2000.42,2641.0,1491.0,1685.0,5378.0,1.0,11196.0,2000
2000.5,2647.0,1495.0,1685.0,5358.0,1.0,11186.0,2000
2000.58,2654.0,1494.0,1687.0,5345.0,1.0,11181.0,2000
2000.67,2668.0,1496.0,1692.0,5332.0,1.0,11189.0,2000
2000.75,2680.0,1506.0,1697.0,5314.0,1.0,11198.0,2000
2000.84,2685.0,1502.0,1676.0,5298.0,1.0,11162.0,2000
2000.92,2688.0,1500.0,1672.0,5281.0,1.0,11142.0,2000
2001.0,2691.0,1499.0,1671.0,5342.0,1.0,11204.0,2001
2001.09,2695.0,1494.0,1675.0,5322.0,1.0,11187.0,2001
2001.16,2695.0,1491.0,1669.0,5312.0,1.0,11168.0,2001
2001.25,2687.0,1491.0,1661.0,5297.0,1.0,11137.0,2001
2001.33,2690.0,1493.0,1656.0,5275.0,1.0,11115.0,2001
2001.42,2687.0,1495.0,1653.0,5273.0,1.0,11109.0,2001
2001.5,2693.0,1498.0,1655.0,5263.0,1.0,11110.0,2001
2001.58,2698.0,1503.0,1659.0,5250.0,1.0,11111.0,2001
2001.67,2699.0,1503.0,1647.0,5240.0,1.0,11090.0,2001
2001.75,2705.0,1507.0,1652.0,5227.0,1.0,11092.0,2001
2001.84,2704.0,1498.0,1640.0,5205.0,1.0,11048.0,2001
2001.92,2721.0,1499.0,1649.0,5572.0,1.0,11442.0,2001
2002.0,2720.0,1496.0,1638.0,5537.0,1.0,11392.0,2002
2002.09,2727.0,1494.0,1636.0,5504.0,1.0,11362.0,2002
2002.16,2731.0,1496.0,1631.0,5458.0,1.0,11317.0,2002
2002.25,2732.0,1494.0,1627.0,5407.0,1.0,11261.0,2002
2002.33,2734.0,1495.0,1635.0,5359.0,1.0,11224.0,2002
2002.42,2739.0,1495.0,1636.0,5330.0,1.0,11201.0,2002
2002.5,2741.0,1496.0,1640.0,5326.0,1.0,11204.0,2002
2002.58,2744.0,1494.0,1643.0,5317.0,1.0,11199.0,2002
2002.67,2750.0,1498.0,1647.0,5296.0,1.0,11192.0,2002
2002.75,2752.0,1496.0,1647.0,5277.0,1.0,11173.0,2002
2002.84,2757.0,1496.0,1648.0,5255.0,1.0,11157.0,2002
2002.92,2773.0,1498.0,1646.0,5291.0,1.0,11209.0,2002
2003.0,2777.0,1497.0,1643.0,5274.0,1.0,11192.0,2003
2003.09,2776.0,1494.0,1639.0,5262.0,1.0,11172.0,2003
2003.16,2777.0,1497.0,1647.0,5252.0,1.0,11174.0,2003
2003.25,2784.0,1504.0,1649.0,5283.0,1.0,11221.0,2003
2003.33,2787.0,1502.0,1644.0,5276.0,1.0,11210.0,2003
2003.42,2802.0,1508.0,1643.0,5264.0,1.0,11218.0,2003
2003.5,2802.0,1507.0,1642.0,5263.0,1.0,11215.0,2003
2003.58,2809.0,1510.0,1646.0,5346.0,1.0,11312.0,2003
2003.67,2816.0,1509.0,1645.0,5341.0,1.0,11312.0,2003
2003.75,2824.0,1515.0,1664.0,5331.0,1.0,11335.0,2003
2003.84,2825.0,1513.0,1664.0,5291.0,1.0,11294.0,2003
2003.92,2832.0,1519.0,1655.0,5268.0,1.0,11275.0,2003
2004.0,2832.0,1518.0,1653.0,5238.0,1.0,11242.0,2004
2004.09,2832.0,1521.0,1652.0,5245.0,1.0,11251.0,2004
2004.17,2836.0,1524.0,1655.0,5260.0,1.0,11276.0,2004
2004.25,2840.0,1526.0,1660.0,5324.0,1.0,11351.0,2004
2004.33,2844.0,1525.0,1657.0,5313.0,1.0,11340.0,2004
2004.42,2853.0,1524.0,1665.0,5315.0,1.0,11358.0,2004
2004.5,2856.0,1528.0,1663.0,5346.0,1.0,11394.0,2004
2004.58,2860.0,1530.0,1671.0,5350.0,1.0,11412.0,2004
2004.67,2867.0,1533.0,1681.0,5343.0,1.0,11425.0,2004
2004.75,2870.0,1533.0,1685.0,5341.0,1.0,11430.0,2004
2004.84,2872.0,1535.0,1687.0,5331.0,1.0,11426.0,2004
2004.92,2884.0,1540.0,1685.0,5324.0,1.0,11434.0,2004
2005.0,2885.0,1534.0,1683.0,5326.0,1.0,11429.0,2005
2005.09,2891.0,1535.0,1680.0,5324.0,1.0,11431.0,2005
2005.16,2893.0,1536.0,1683.0,5320.0,1.0,11433.0,2005
2005.25,2898.0,1538.0,1680.0,5318.0,1.0,11435.0,2005
2005.33,2902.0,1540.0,1688.0,5314.0,1.0,11445.0,2005
2005.42,2904.0,1543.0,1693.0,5413.0,1.0,11554.0,2005
2005.5,2904.0,1540.0,1698.0,5393.0,1.0,11536.0,2005
2005.58,2911.0,1544.0,1710.0,5377.0,1.0,11543.0,2005
2005.67,2914.0,1549.0,1700.0,5367.0,1.0,11531.0,2005
2005.75,2924.0,1549.0,1703.0,5361.0,1.0,11538.0,2005
2005.84,2922.0,1546.0,1697.0,5352.0,1.0,11518.0,2005
2005.92,2929.0,1552.0,1703.0,5341.0,1.0,11526.0,2005
2006.0,2929.0,1547.0,1702.0,5336.0,1.0,11515.0,2006
2006.09,2933.0,1549.0,1702.0,5333.0,1.0,11518.0,2006
2006.16,2936.0,1550.0,1703.0,5329.0,1.0,11519.0,2006
2006.25,2947.0,1557.0,1708.0,5327.0,1.0,11540.0,2006
2006.33,2950.0,1557.0,1714.0,5374.0,1.0,11596.0,2006
2006.42,2959.0,1565.0,1715.0,5488.0,1.0,11728.0,2006
2006.5,2960.0,1565.0,1721.0,5474.0,1.0,11721.0,2006
2006.58,2962.0,1566.0,1716.0,5516.0,1.0,11761.0,2006
2006.67,2971.0,1574.0,1733.0,5508.0,1.0,11787.0,2006
2006.75,2976.0,1576.0,1729.0,5503.0,1.0,11785.0,2006
2006.84,2978.0,1574.0,1729.0,5586.0,1.0,11868.0,2006
2006.92,2997.0,1583.0,1738.0,5567.0,1.0,11886.0,2006
2007.0,3000.0,1579.0,1733.0,9054.0,1.0,15367.0,2007
2007.09,3003.0,1575.0,1749.0,9274.0,1.0,15602.0,2007
2007.16,3011.0,1577.0,1748.0,9272.0,1.0,15609.0,2007
2007.25,3030.0,1583.0,1747.0,9265.0,1.0,15626.0,2007
2007.33,3039.0,1587.0,1742.0,9261.0,1.0,15630.0,2007
2007.42,3044.0,1592.0,1757.0,9259.0,1.0,15653.0,2007
2007.5,3045.0,1593.0,1750.0,9256.0,1.0,15645.0,2007
2007.58,3047.0,1593.0,1747.0,9250.0,1.0,15638.0,2007
2007.67,3049.0,1596.0,1752.0,9232.0,1.0,15630.0,2007
2007.75,3061.0,1605.0,1758.0,9227.0,1.0,15652.0,2007
2007.84,3064.0,1601.0,1762.0,9259.0,1.0,15687.0,2007
2007.92,3074.0,1608.0,1769.0,9256.0,1.0,15708.0,2007
2008.0,3076.0,1608.0,1761.0,9253.0,1.0,15699.0,2008
2008.09,3077.0,1609.0,1761.0,9425.0,1.0,15873.0,2008
2008.17,3081.0,1611.0,1759.0,9922.0,1.0,16374.0,2008
2008.25,3098.0,1615.0,1762.0,9780.0,1.0,16256.0,2008
2008.33,3102.0,1616.0,1765.0,9731.0,1.0,16215.0,2008
2008.42,3113.0,1621.0,1771.0,9696.0,1.0,16202.0,2008
2008.5,3116.0,1624.0,1776.0,9662.0,1.0,16179.0,2008
2008.58,3124.0,1624.0,1777.0,9611.0,1.0,16137.0,2008
2008.67,3137.0,1631.0,1807.0,9545.0,1.0,16121.0,2008
2008.75,3140.0,1635.0,1809.0,9486.0,1.0,16071.0,2008
2008.84,3146.0,1635.0,1814.0,9424.0,1.0,16020.0,2008
2008.92,3154.0,1641.0,1831.0,9367.0,1.0,15994.0,2008
2009.0,3163.0,1641.0,1836.0,9336.0,1.0,15977.0,2009
2009.09,3172.0,1648.0,1841.0,11682.0,1.0,18344.0,2009
2009.16,3173.0,1649.0,1841.0,11700.0,1.0,18364.0,2009
2009.25,3180.0,1654.0,1848.0,11685.0,1.0,18368.0,2009
2009.33,3189.0,1657.0,1846.0,11653.0,1.0,18346.0,2009
2009.42,3190.0,1654.0,1845.0,11625.0,1.0,18315.0,2009
2009.5,3207.0,1659.0,1853.0,11615.0,1.0,18335.0,2009
2009.58,3208.0,1662.0,1852.0,11605.0,1.0,18328.0,2009
2009.67,3228.0,1668.0,1851.0,11594.0,1.0,18342.0,2009
2009.75,3231.0,1666.0,1852.0,11586.0,1.0,18336.0,2009
2009.84,3238.0,1670.0,1863.0,11572.0,1.0,18344.0,2009
2009.92,3247.0,1675.0,1879.0,11560.0,1.0,18362.0,2009
2010.0,3248.0,1675.0,1871.0,11548.0,1.0,18343.0,2010
2010.09,3250.0,1677.0,1868.0,11542.0,1.0,18338.0,2010
2010.16,3256.0,1681.0,1879.0,11524.0,1.0,18341.0,2010
2010.25,3260.0,1685.0,1875.0,11495.0,1.0,18316.0,2010
2010.33,3265.0,1682.0,1873.0,11484.0,1.0,18305.0,2010
2010.42,3278.0,1691.0,1881.0,11559.0,1.0,18410.0,2010
2010.5,3280.0,1691.0,1885.0,11546.0,1.0,18403.0,2010
2010.58,3282.0,1693.0,1889.0,11510.0,1.0,18375.0,2010
2010.67,3294.0,1700.0,1893.0,11506.0,1.0,18394.0,2010
2010.75,3304.0,1704.0,1890.0,11598.0,1.0,18497.0,2010
2010.84,3320.0,1709.0,1896.0,11631.0,1.0,18557.0,2010
2010.92,3330.0,1712.0,1892.0,11614.0,1.0,18549.0,2010
2011.0,3328.0,1711.0,1899.0,11601.0,1.0,18540.0,2011
2011.09,3328.0,1712.0,1903.0,11584.0,1.0,18528.0,2011
2011.16,3327.0,1709.0,1899.0,11570.0,1.0,18506.0,2011
2011.25,3332.0,1710.0,1894.0,11551.0,1.0,18488.0,2011
2011.33,3336.0,1710.0,1891.0,11515.0,1.0,18453.0,2011
2011.42,3340.0,1716.0,1891.0,11481.0,1.0,18429.0,2011
2011.5,3356.0,1722.0,1903.0,11474.0,1.0,18456.0,2011
2011.58,3365.0,1720.0,1909.0,11464.0,1.0,18459.0,2011
2011.67,3374.0,1727.0,1914.0,11441.0,1.0,18457.0,2011
2011.75,3388.0,1736.0,1912.0,11419.0,1.0,18456.0,2011
2011.84,3396.0,1739.0,1925.0,11360.0,1.0,18421.0,2011
2011.92,3414.0,1738.0,1921.0,11343.0,1.0,18417.0,2011
2012.0,3415.0,1739.0,1921.0,11288.0,1.0,18364.0,2012
2012.09,3424.0,1739.0,1920.0,11295.0,1.0,18379.0,2012
2012.17,3428.0,1742.0,1920.0,11270.0,1.0,18361.0,2012
2012.25,3430.0,1741.0,1919.0,11238.0,1.0,18329.0,2012
2012.33,3439.0,1747.0,1940.0,11212.0,1.0,18339.0,2012
2012.42,3444.0,1747.0,1945.0,11186.0,1.0,18323.0,2012
2012.5,3458.0,1750.0,1941.0,11163.0,1.0,18313.0,2012
2012.58,3465.0,1749.0,1938.0,11135.0,1.0,18288.0,2012
2012.67,3482.0,1751.0,1940.0,11107.0,1.0,18281.0,2012
2012.75,3495.0,1757.0,1945.0,11200.0,1.0,18398.0,2012
2012.84,3505.0,1761.0,1949.0,11165.0,1.0,18381.0,2012
2012.92,3510.0,1763.0,1947.0,11141.0,1.0,18362.0,2012
2013.0,3515.0,1765.0,1947.0,11115.0,1.0,18343.0,2013
2013.09,3532.0,1765.0,1944.0,11091.0,1.0,18333.0,2013
2013.16,3535.0,1766.0,1946.0,11068.0,1.0,18316.0,2013
2013.25,3551.0,1770.0,1949.0,11038.0,1.0,18309.0,2013
2013.33,3554.0,1773.0,1949.0,11011.0,1.0,18288.0,2013
2013.42,3559.0,1778.0,1953.0,10983.0,1.0,18274.0,2013
2013.5,3565.0,1778.0,1952.0,10954.0,1.0,18250.0,2013
2013.58,3568.0,1776.0,1951.0,10930.0,1.0,18226.0,2013
2013.67,3586.0,1784.0,1963.0,10926.0,1.0,18260.0,2013
2013.75,3586.0,1781.0,1967.0,10902.0,1.0,18237.0,2013
2013.84,3657.0,1786.0,1970.0,10866.0,1.0,18280.0,2013
2013.92,3676.0,1789.0,1972.0,10832.0,1.0,18270.0,2013
2014.0,3677.0,1791.0,1965.0,10802.0,1.0,18236.0,2014
2014.09,3721.0,1794.0,1965.0,10767.0,1.0,18248.0,2014
2014.16,3725.0,1797.0,1965.0,10782.0,1.0,18270.0,2014
2014.25,3740.0,1797.0,1969.0,10738.0,1.0,18245.0,2014
2014.33,3748.0,1799.0,1978.0,10706.0,1.0,18232.0,2014
2014.42,3773.0,1793.0,1974.0,10669.0,1.0,18210.0,2014
2014.5,3784.0,1797.0,1965.0,10654.0,1.0,18201.0,2014
2014.58,3797.0,1798.0,1964.0,10664.0,1.0,18224.0,2014
2014.67,3808.0,1805.0,1964.0,10644.0,1.0,18222.0,2014
2014.75,3813.0,1811.0,1967.0,10611.0,1.0,18203.0,2014
2014.84,3814.0,1810.0,1963.0,10562.0,1.0,18150.0,2014
2014.92,3828.0,1819.0,1971.0,10517.0,1.0,18136.0,2014
2015.0,3830.0,1816.0,1967.0,10469.0,1.0,18083.0,2015
2015.09,3827.0,1820.0,1961.0,10677.0,1.0,18286.0,2015
2015.16,3854.0,1827.0,1959.0,10636.0,1.0,18277.0,2015
2015.25,3851.0,1827.0,1955.0,10632.0,1.0,18266.0,2015
2015.33,3860.0,1827.0,1945.0,10578.0,1.0,18211.0,2015
2015.42,3860.0,1828.0,1946.0,10549.0,1.0,18184.0,2015
2015.5,3886.0,1831.0,1946.0,10525.0,1.0,18189.0,2015
2015.58,3891.0,1831.0,1948.0,10505.0,1.0,18176.0,2015
2015.67,3922.0,1839.0,1949.0,10492.0,3.0,18205.0,2015
2015.75,3953.0,1842.0,1953.0,10474.0,4.0,18226.0,2015
2015.84,3954.0,1847.0,1958.0,10916.0,4.0,18679.0,2015
2015.92,3978.0,1859.0,1967.0,10914.0,4.0,18722.0,2015
2016.0,3971.0,1857.0,1966.0,10902.0,4.0,18700.0,2016
2016.09,3978.0,1861.0,1960.0,10890.0,4.0,18693.0,2016
2016.17,3986.0,1869.0,1959.0,10898.0,4.0,18716.0,2016
2016.25,3994.0,1867.0,1960.0,10895.0,4.0,18720.0,2016
2016.33,4033.0,1867.0,1956.0,10884.0,4.0,18744.0,2016
2016.42,4062.0,1876.0,1966.0,10883.0,4.0,18791.0,2016
2016.5,4061.0,1876.0,1967.0,10889.0,4.0,18797.0,2016
2016.58,4064.0,1876.0,1966.0,10883.0,4.0,18793.0,2016
2016.67,4077.0,1880.0,1977.0,10890.0,4.0,18828.0,2016
2016.75,4080.0,1877.0,1976.0,10881.0,4.0,18818.0,2016
2016.84,4091.0,1882.0,1979.0,10872.0,4.0,18828.0,2016
2016.92,4113.0,1888.0,1978.0,10868.0,4.0,18851.0,2016
2017.0,4137.0,1891.0,1973.0,10862.0,4.0,18867.0,2017
2017.09,4242.0,1892.0,1974.0,10857.0,4.0,18969.0,2017
2017.16,4250.0,1896.0,1975.0,10850.0,4.0,18975.0,2017
2017.25,4253.0,1895.0,1977.0,10842.0,4.0,18971.0,2017
2017.33,4290.0,1897.0,1971.0,10833.0,4.0,18995.0,2017
2017.42,4346.0,1904.0,1977.0,10825.0,4.0,19056.0,2017
2017.5,4412.0,1904.0,1976.0,10822.0,13.0,19127.0,2017
2017.58,4422.0,1905.0,1987.0,10813.0,13.0,19140.0,2017
2017.67,4436.0,1909.0,1987.0,10820.0,13.0,19165.0,2017
2017.75,4456.0,1913.0,1986.0,10816.0,13.0,19184.0,2017
2017.84,4489.0,1916.0,1988.0,10813.0,13.0,19219.0,2017
2017.92,4511.0,1923.0,2000.0,10809.0,13.0,19256.0,2017
2018.0,4555.0,1933.0,2008.0,10803.0,18.0,19317.0,2018
2018.09,4576.0,1937.0,2011.0,10825.0,18.0,19367.0,2018
2018.16,4594.0,1942.0,2018.0,10816.0,18.0,19388.0,2018
2018.25,4602.0,1945.0,2030.0,10808.0,18.0,19403.0,2018
2018.33,4607.0,1948.0,2024.0,10827.0,18.0,19424.0,2018
2018.42,4609.0,1954.0,2033.0,10822.0,18.0,19436.0,2018
2018.5,4630.0,1959.0,2037.0,10816.0,21.0,19463.0,2018
2018.58,4631.0,1958.0,2032.0,10930.0,25.0,19576.0,2018
2018.67,4637.0,1964.0,2026.0,10924.0,27.0,19578.0,2018
2018.75,4645.0,1969.0,2032.0,10921.0,33.0,19600.0,2018
2018.84,4691.0,1979.0,2033.0,10916.0,37.0,19656.0,2018
2018.92,4786.0,1985.0,2036.0,10925.0,70.0,19802.0,2018
2019.0,4811.0,1986.0,2031.0,10918.0,69.0,19815.0,2019
2019.09,4816.0,1982.0,2031.0,10920.0,69.0,19818.0,2019
2019.16,4813.0,1984.0,2032.0,11041.0,69.0,19939.0,2019
2019.25,4846.0,1985.0,2030.0,11252.0,69.0,20182.0,2019
2019.33,4909.0,1982.0,2041.0,11223.0,69.0,20224.0,2019
2019.42,4941.0,1984.0,2047.0,11194.0,79.0,20245.0,2019
2019.5,4978.0,1988.0,2057.0,11196.0,84.0,20303.0,2019
2019.58,4988.0,1993.0,2057.0,11205.0,87.0,20330.0,2019
2019.67,4998.0,1996.0,2054.0,11190.0,87.0,20325.0,2019
2019.75,5000.0,2000.0,2054.0,11177.0,87.0,20318.0,2019
2019.84,5103.0,2008.0,2059.0,11166.0,91.0,20427.0,2019
2019.92,5133.0,2017.0,2058.0,11213.0,112.0,20533.0,2019
2020.0,5257.0,2017.0,2065.0,11227.0,112.0,20678.0,2020
2020.09,5366.0,2019.0,2061.0,11327.0,114.0,20887.0,2020
2020.17,5463.0,2020.0,2063.0,11319.0,114.0,20979.0,2020
2020.25,5526.0,2018.0,2052.0,11313.0,114.0,21023.0,2020
2020.33,5529.0,2017.0,2055.0,11656.0,113.0,21370.0,2020
2020.42,5656.0,2020.0,2061.0,11649.0,113.0,21499.0,2020
2020.5,5673.0,2028.0,2058.0,11753.0,113.0,21625.0,2020
2020.58,5803.0,2025.0,2060.0,11884.0,113.0,21885.0,2020
2020.67,5949.0,2027.0,2075.0,11879.0,112.0,22042.0,2020
2020.75,6116.0,2034.0,2076.0,11858.0,110.0,22194.0,2020
2020.84,6221.0,2037.0,2079.0,11834.0,113.0,22284.0,2020
2020.92,6274.0,2039.0,2066.0,11796.0,112.0,22287.0,2020
2021.0,6476.0,2039.0,2067.0,11768.0,126.0,22476.0,2021
2021.09,6621.0,2041.0,2067.0,11753.0,133.0,22615.0,2021
2021.16,6932.0,2041.0,2077.0,11892.0,153.0,23095.0,2021
2021.25,7090.0,2041.0,2072.0,11873.0,163.0,23239.0,2021
2021.33,7355.0,2040.0,2080.0,11862.0,162.0,23499.0,2021
2021.42,7465.0,2047.0,2081.0,11853.0,166.0,23612.0,2021
2021.5,7508.0,2049.0,2059.0,11853.0,174.0,23643.0,2021
2021.58,7542.0,2048.0,2059.0,11839.0,173.0,23661.0,2021
2021.67,7623.0,2051.0,2063.0,11827.0,174.0,23738.0,2021
2021.75,7660.0,2055.0,2063.0,11843.0,184.0,23805.0,2021
2021.84,7714.0,2061.0,2062.0,13677.0,186.0,25700.0,2021
2021.92,7866.0,2067.0,2071.0,13665.0,187.0,25856.0,2021
2022.0,8046.0,2065.0,2075.0,13600.0,196.0,25982.0,2022
2022.09,8171.0,2066.0,2080.0,13458.0,219.0,25994.0,2022
2022.16,8331.0,2069.0,2074.0,13292.0,229.0,25995.0,2022
2022.25,8467.0,2070.0,2082.0,13072.0,229.0,25920.0,2022
2022.33,8716.0,2067.0,2067.0,12793.0,244.0,25887.0,2022
2022.42,8791.0,2070.0,2073.0,12599.0,241.0,25774.0,2022
2022.5,9050.0,2076.0,2075.0,12478.0,247.0,25926.0,2022
2022.58,9296.0,2082.0,2080.0,12363.0,285.0,26106.0,2022
2022.67,9487.0,2090.0,2082.0,12256.0,290.0,26205.0,2022
2022.75,9688.0,2105.0,2072.0,12151.0,293.0,26309.0,2022
2022.84,9698.0,2111.0,2054.0,12860.0,300.0,27023.0,2022
2022.92,9822.0,2109.0,2045.0,12760.0,310.0,27046.0,2022
2023.0,10096.0,2114.0,2049.0,12712.0,330.0,27301.0,2023
2023.09,10217.0,2119.0,2045.0,12633.0,329.0,27343.0,2023
2023.16,10463.0,2125.0,2049.0,12517.0,333.0,27487.0,2023
2023.25,10540.0,2119.0,2018.0,12368.0,334.0,27379.0,2023
2023.33,10735.0,2126.0,2020.0,12209.0,340.0,27430.0,2023
2023.42,10929.0,2120.0,2021.0,12123.0,458.0,27651.0,2023
2023.5,11095.0,2121.0,2004.0,12066.0,470.0,27756.0,2023
2023.58,11212.0,2130.0,1989.0,12007.0,471.0,27809.0,2023
2023.67,11410.0,2132.0,1980.0,11947.0,469.0,27938.0,2023
2023.75,11575.0,2128.0,1979.0,11901.0,466.0,28049.0,2023
2023.84,11747.0,2128.0,1969.0,11839.0,479.0,28162.0,2023
2023.92,11881.0,2132.0,1962.0,11792.0,496.0,28263.0,2023
2024.0,12011.0,2134.0,1958.0,11743.0,499.0,28345.0,2024
2024.09,12108.0,2135.0,1941.0,11675.0,520.0,28379.0,2024
2024.17,12283.0,2139.0,1932.0,11642.0,532.0,28528.0,2024
2024.25,12445.0,2135.0,1927.0,11593.0,537.0,28637.0,2024
2024.33,12640.0,2128.0,1916.0,11526.0,552.0,28762.0,2024
2024.42,12752.0,2130.0,1903.0,11498.0,548.0,28831.0,2024
2024.5,12784.0,2123.0,1897.0,11445.0,544.0,28793.0,2024
2024.58,13032.0,2128.0,1888.0,12064.0,563.0,29675.0,2024
2024.67,13046.0,2124.0,1895.0,12015.0,572.0,29652.0,2024
2024.75,13151.0,2129.0,1890.0,11972.0,563.0,29705.0,2024
2024.84,13357.0,2137.0,1889.0,11900.0,629.0,29912.0,2024
2024.92,13449.0,2136.0,1877.0,11791.0,621.0,29874.0,2024
